Manual_Intervention,Building_number,Building_Code,Short_building_name,Bldg_Description
,0001,STRS,STORRS,STORRS HALL
,0004,KNS,KOONS,KOONS HALL
,0006,HAWL,HAWLEY,HAWLEY ARMORY
,0007,KLIN,AGRICULTURAL ENGINEERING,"KLINCK, MERLE S. AGRICULTURAL ENGINEE"
1,0030,CISS,CISS,CENTER FOR INTERNATIONAL STUDENTS & SCHOLARS
,0037,HALL,HALL,HALL BUILDING
,0038,BCH,BEACH,BEACH HALL
,0040,ATWR,ATWATER,ATWATER LAB
,0060,ACS,CERAMIC STUDIO,ART CERAMIC STUDIO
,0130,MAN,MANCHESTER HALL,MANCHESTER HALL
,0131,WOOD,WOOD,WALTER CHILDS WOOD HALL
,0133,CAST,CASTLEMAN,CASTLEMAN BUILDING (ENG. I)
,0138,FSB,FAMILY STUDIES,FAMILY STUDIES BUILDING
,0175,YNG,YOUNG,YOUNG BUILDING
,0212,RHBA,HICKS,RATCLIFFE HICKS BUILDING & ARENA
,0213,SU,STUDENT UNION,STUDENT UNION
,0214,FG,FLORICULTURE,FLORICULTURE BUILDING
,0221,HJT,JORGENSEN,JORGENSEN CENTER FOR PERFORMING ART
,0222,WITE,WHITE,WHITE BUILDING and DAIRY BAR & CREAMERY
1,0232,PLNT,PLANETARIUM,PLANETARIUM
,0233,DRMU,DRAMA MUSIC,DRAMA MUSIC BUILDING
,0234,MUSB,MUSIC BUILDING,MUSIC BUILDING
,0235,ARJ,ARJONA,ARJONA BUILDING
,0236,MONT,MONTEITH,HENRY RUTHVEN MONTEITH BUILDING
,0237,SCHN,SCHENKER,ANDRE SCHENKER LECTURE HALL
,0238,AUST,AUSTIN,"AUSTIN, PHILLIP E (CLAS)"
,0239,E2,ENGINEERING II,ENGINEERING II
,0240,JONS,JONES,JONES BUILDING
1,0245,VDM,VDM,VDM
,0246,ROWE,ROWE,JOHN W. ROWE CENTER
,0247,GENT,GENTRY,"GENTRY, CHARLES B. (NEAG)"
,0252,TLS,TORREY,TORREY LIFE SCIENCES BUILDING
,0255C,LAFA,LAFAYETTE HALL,"LAFAYETTE HALL, TOWERS DORMS C"
,0263,MRH,MCMAHON HALL,MCMAHON HALL and DINING FACILITY
,0295,BRH,BUCKLEY HALL,JOHN BUCKLEY RESIDENCE HALL (BRH)
,0318,BRON,BRONWELL,BRONWELL BUILDING (ARTHUR B.)
,0329,JRB,RYAN,RYAN BUILDING
,0330,PCSB,PHILLIPS,"PHILLIPS, DC BLD"
,0331A,GN,GANT NORTH,GANT NORTH BUILDING
,0331B,GW,GANT WEST,GANT WEST BUILDING
,0331C,GS,GANT SOUTH,GANT SOUTH BUILDING
,0331D,GP,GANT PLAZA,GANT PLAZA BUILDING
,0341,HDC,HUMAN DEVELOPMENT,HUMAN DEVELOPMENT CENTER
,0342,BISH,BISHOP,BISHOP CENTER
,0349,BOUS,BOUSFIELD,BOUSFIELD PSYCHOLOGY BLDG
,0364,HBL,BABBIDGE,BABBIDGE LIBRARY (HOMER)
,0365,ARTB,SCHOOL OF FINE ARTS,SCHOOL OF FINE ARTS - ART
1,0369,PWE,ENGINEERING,PRATT AND WHITNEY ENGINEERING BUILDING
1,0374,GAMP,GAMPEL,GAMPEL PAVILION  SPORTS CENTER
,0382,TSK,TASKER,TASKER ADMISSIONS
,0383,DODD,DODD CENTER,THE DODD CENTER FOR HUMAN RIGHTS (DODD)
,0384,BPB,BIO-PHYSICS,BIOLOGY-PHYSICS BUILDING
,0409,CHM,CHEMISTRY,CHEMISTRY BUILDING
,0412,ZFA,ZACHS,ZACHS FAMILY FINE ARTS ADMINISTRATION BUILDING
,0414,BUSN,SCHOOL OF BUSINESS,SCHOOL OF BUSINESS
,0415,PBB,PHARM-BIO,PHARMACY-BIOLOGY BUILDING
1,0419,HHA,HHA,HHA
,0421A,ABL,AG BIO-TECH,AG BIO-TECHNOLOGY (ABL)
,0425,WSRH,WILSON,WILSON HALL ( SOUTH CAMPUS BLDG A)
,0434,ITE,INFORMATION TECHNOLOGY,INFORMATION TECHNOLOGY BUILDING
,0478,NKT,N-K THEATRE,NAFE KATTER THEATRE
,0486,SHH,S. HERBST,SUSAN V. HERBST HALL
,0487,MCHU,MCHUGH,LAWRENCE D. MCHUGH HALL
1,0502,IPB,IPB,INNOVATION PARTNERSHIP BUILDING
1,0503,ESB,E.S.B,ENGINEERING AND SCIENCE BUILDING
,0505,WTRH,J HALL,PETER J. WERTH RESIDENCE TOWER
,0507,SCI1,SCIENCE 1,SCIENCE 1 RESEARCH CENTER
,1101A,KB,KINESIOLOGY,KINESIOLOGY BUILDING
1,1101B,IOE,I.O.E,INSTITUTE OF THE ENVIRONMENT
1,1119,OBSV,OBSERVATORY,OBSERVATORY - SPRING HILL
,1126,KEL,KELLOGG DAIRY,KELLOGG DAIRY CENTER
1,1140,PTSC,PLANT SCIENCE,PLANT SCIENCE TURF RESOURCE UNIT
1,2124,HAMP,HAMPTON,DEPOT- HAMPTON COTTAGE
,2166,THOM,THOMSON HALL,DEPOT- THOMSON HALL
1,3004,DWTN,STAMFORD DOWNTOWN,STAMFORD DOWNTOWN CAMPUS
1,3005,WBRH,WASHINGTON BOULEVARD HALL,STAMFORD WASHINGTON BOULEVARD RESIDENCE HALL
1,3314,CHASE,CHERYL CASE HALL,HTFD LAW SCHOOL-CHERYL A CHASE HALL
1,3315,HKNI,KNIGHT HALL,HTFD LAW SCHOOL-KNIGHT HALL
1,3316,STAR,STARR HALL,HTFD LAW SCHOOL-STARR HALL
1,3317,HLIB,HTFD LAW LIBRARY,HTFD LAW SCHOOL-LAW LIBRARY
1,3401,MZ16,HARTFORD TIMES BUILDING,HARTFORD TIMES BUILDING
1,3402,HSSW,SOCIAL WORK,HARTFORD 38 PROSPECT STREET
1,3911,WTBY,WATERBURY DOWNTOWN CAMPUS,WATERBURY DOWNTOWN CAMPUS
1,3913,WREC,WATERBURY RECTORY BUILDING,WATERBURY RECTORY BUILDING
1,3914,NOLB,NEIL O'LEARY BUILDING,NEIL O'LEARY BUILDING
1,4319,CPB,COMMUNITY AND PROFESSIONAL BLDG,COMMUNITY AND PROFESSIONAL BLDG
1,4322,ACD,STUDENT CENTER  BLDG 22,ACADEMIC - STUDENT CENTER  BLDG 22
1,4362,PRJO,PROJECT OCEANOLOGY BLDG,PROJECT OCEANOLOGY BLDG
1,4363,LWB,LOWELL P. WEICKER Jr. BUILDING,LOWELL P. WEICKER Jr. BUILDING
1,7023,PRIV,UCONN PRIVACY,MANSFIELD 28 PROFESSIONAL PARK BUILDING
1,7304,SSON,SCHOOL OF NURSING AT STAMFORD HOSPITAL,SCHOOL OF NURSING AT STAMFORD HOSPITAL
1,7323,HPL,HARTFORD PUBLIC LIBRARY,HARTFORD PUBLIC LIBRARY
1,7324,GBLC,GBLC HARTFORD,GBLC HARTFORD
1,7333,RIC,RESEARCH INNOVATION,229 TRUMBULL STREET
1,0421B,ATL,ADVANCED TECH LAB,ADVANCED TECHNOLOGY LABORATORY
1,0324, WHTN,Whetten,Whetten
1,0428, ROME, ROME
1,0508, REC Ctr, Recreational Center
1,1103, HRSBRN, Horse Barn
1,3318, LSMAC, Law School Mackenzie